{
  "templateKey": "recruitment_pipeline",
  "name": "Recruitment Pipeline",
  "description": "Recruitment process from CV review to onboarding",
  "icon": "👥",
  "isActive": true,
  "lists": [
    {
      "name": "Candidates",
      "description": "Candidate list in recruitment process",
      "fieldDefinitions": [
        {
          "key": "candidate_name",
          "name": "Candidate Name",
          "type": "TEXT",
          "order": 0,
          "required": true
        },
        {
          "key": "position",
          "name": "Position",
          "type": "TEXT",
          "order": 1,
          "required": true
        },
        {
          "key": "email",
          "name": "Email",
          "type": "TEXT",
          "order": 2
        },
        {
          "key": "phone",
          "name": "Phone",
          "type": "TEXT",
          "order": 3
        },
        {
          "key": "salary_expectation",
          "name": "Salary Expectation",
          "type": "NUMBER",
          "order": 4
        },
        {
          "key": "source",
          "name": "Source",
          "type": "SELECT",
          "options": [
            {
              "value": "LinkedIn",
              "color": "#0077B5",
              "order": 0
            },
            {
              "value": "Referral",
              "color": "#10B981",
              "order": 1
            },
            {
              "value": "Job Board",
              "color": "#F59E0B",
              "order": 2
            },
            {
              "value": "Direct Apply",
              "color": "#8B5CF6",
              "order": 3
            },
            {
              "value": "Headhunter",
              "color": "#EC4899",
              "order": 4
            }
          ],
          "order": 5
        },
        {
          "key": "rating",
          "name": "Rating",
          "type": "SELECT",
          "options": [
            {
              "value": "⭐⭐⭐⭐⭐ Excellent",
              "color": "#10B981",
              "order": 0
            },
            {
              "value": "⭐⭐⭐⭐ Good",
              "color": "#3B82F6",
              "order": 1
            },
            {
              "value": "⭐⭐⭐ Average",
              "color": "#F59E0B",
              "order": 2
            },
            {
              "value": "⭐⭐ Below Average",
              "color": "#F97316",
              "order": 3
            },
            {
              "value": "⭐ Poor",
              "color": "#EF4444",
              "order": 4
            }
          ],
          "order": 6
        },
        {
          "key": "resume",
          "name": "Resume",
          "type": "FILE",
          "order": 7
        },
        {
          "key": "interview_date",
          "name": "Interview Date",
          "type": "DATE_TIME",
          "order": 8
        },
        {
          "key": "notes",
          "name": "Notes",
          "type": "TEXTAREA",
          "order": 9
        },
        {
          "key": "recruiter",
          "name": "Recruiter",
          "type": "ASSIGNEE",
          "order": 10
        }
      ],
      "stages": [
        {
          "name": "CV Review",
          "color": "#6B7280",
          "order": 0,
          "items": [
            {
              "name": "John Doe - Frontend Developer",
              "description": "Candidate with 3 years of React experience",
              "order": 0,
              "customFields": [
                {
                  "fieldKey": "position",
                  "value": "Frontend Developer"
                },
                {
                  "fieldKey": "email",
                  "value": "johndoe@email.com"
                },
                {
                  "fieldKey": "salary_expectation",
                  "value": 80000
                },
                {
                  "fieldKey": "source",
                  "value": "LinkedIn"
                }
              ]
            }
          ]
        },
        {
          "name": "Phone Screen",
          "color": "#3B82F6",
          "order": 1,
          "items": []
        },
        {
          "name": "Technical Interview",
          "color": "#8B5CF6",
          "order": 2,
          "items": [
            {
              "name": "Jane Smith - Backend Developer",
              "description": "Candidate with 5 years of Node.js experience",
              "order": 0,
              "customFields": [
                {
                  "fieldKey": "position",
                  "value": "Backend Developer"
                },
                {
                  "fieldKey": "email",
                  "value": "janesmith@email.com"
                },
                {
                  "fieldKey": "salary_expectation",
                  "value": 95000
                },
                {
                  "fieldKey": "source",
                  "value": "Referral"
                },
                {
                  "fieldKey": "rating",
                  "value": "⭐⭐⭐⭐ Good"
                }
              ]
            }
          ]
        },
        {
          "name": "Final Interview",
          "color": "#F59E0B",
          "order": 3,
          "items": []
        },
        {
          "name": "Offer",
          "color": "#10B981",
          "order": 4,
          "items": [
            {
              "name": "Mike Johnson - Product Manager",
              "description": "PM with fintech experience",
              "order": 0,
              "customFields": [
                {
                  "fieldKey": "position",
                  "value": "Product Manager"
                },
                {
                  "fieldKey": "salary_expectation",
                  "value": 120000
                },
                {
                  "fieldKey": "source",
                  "value": "Headhunter"
                },
                {
                  "fieldKey": "rating",
                  "value": "⭐⭐⭐⭐⭐ Excellent"
                }
              ]
            }
          ]
        },
        {
          "name": "Hired",
          "color": "#059669",
          "order": 5,
          "items": []
        },
        {
          "name": "Rejected",
          "color": "#EF4444",
          "order": 6,
          "items": []
        }
      ]
    }
  ],
  "documents": [
    {
      "title": "Interview Guide",
      "description": "Interview guide for HR and Hiring Managers",
      "content": "# Interview Guide\n\n## 1. Interview Preparation\n\n- Review CV 15 minutes before\n- Prepare role-specific questions\n- Check meeting room/link\n\n## 2. Interview Structure\n\n### Phone Screen (30 minutes)\n1. Company introduction (5 min)\n2. Background questions (10 min)\n3. Motivation and expectations (10 min)\n4. Q&A (5 min)\n\n### Technical Interview (60 minutes)\n1. Technical questions (30 min)\n2. Live coding/Case study (20 min)\n3. Q&A (10 min)\n\n### Final Interview (45 minutes)\n1. Culture fit (15 min)\n2. Leadership/Teamwork (15 min)\n3. Salary negotiation (10 min)\n4. Next steps (5 min)\n\n## 3. Sample Questions\n\n### Behavioral\n- Tell me about a time when...\n- How do you handle...\n- Describe a situation where...\n\n### Technical (customize by role)\n- ...\n\n## 4. Evaluation Criteria\n\n| Criteria | Weight | Score (1-5) |\n|----------|--------|-------------|\n| Technical Skills | 30% | |\n| Problem Solving | 25% | |\n| Communication | 20% | |\n| Culture Fit | 15% | |\n| Leadership | 10% | |\n\n## 5. Red Flags\n\n- ❌ Speaking negatively about previous employers\n- ❌ No questions prepared\n- ❌ Lack of honesty\n- ❌ Negative attitude"
    },
    {
      "title": "Offer Letter Template",
      "description": "Job offer letter template",
      "content": "# Offer Letter\n\n**Date:** [Date]\n\nDear [Candidate Name],\n\nWe are pleased to offer you the position of **[Position]** at **[Company Name]**.\n\n## Position Details\n\n- **Title:** [Position]\n- **Department:** [Department]\n- **Reporting to:** [Manager Name]\n- **Start Date:** [Date]\n- **Location:** [Office Location]\n\n## Compensation\n\n- **Base Salary:** [Amount]/year (gross)\n- **Probation Period:** 3 months\n- **Review:** Annual performance review\n\n## Benefits\n\n- Health insurance\n- 15 days annual leave\n- Training & development budget\n- [Other benefits]\n\n## Next Steps\n\nPlease confirm your acceptance by [Date] by signing and returning this letter.\n\nWe look forward to having you on our team!\n\nBest regards,\n\n[HR Name]\n[Title]\n[Company Name]\n\n---\n\n**Acceptance:**\n\nI, [Candidate Name], accept this offer.\n\nSignature: _________________ Date: _________"
    }
  ],
  "metadata": {
    "version": "1.0.0",
    "author": "AI Template Generator",
    "createdAt": "2026-02-10",
    "tags": ["recruitment", "hr", "hiring"],
    "category": "Human Resources"
  }
}
